{"cameraMode":{"drawMode":0,"name":"Shaded","section":"Shading Mode"},"sceneLighting":true,"audioPlay":false,"sceneViewState":{"showFog":true,"showMaterialUpdate":false,"showSkybox":true,"showFlares":true,"showImageEffects":true,"showParticleSystems":true,"showVisualEffectGraphs":true,"m_FxEnabled":true},"in2DMode":false,"pivot":{"x":3.070531129837036,"y":1.3435527086257935,"z":11.319530487060547},"rotation":{"x":-0.11945980042219162,"y":-0.06489544361829758,"z":0.007801176980137825,"w":-0.9907071590423584},"size":11.733360290527344,"orthographic":false}